"No.","Time","Source","Destination","Protocol","Length","Info"
"260","83.581348769","192.168.43.148","192.168.43.135","MQTT","108","Connect Command"
"262","83.581895801","192.168.43.135","192.168.43.148","MQTT","70","Connect Ack"
"383","114.128838707","192.168.43.148","192.168.43.135","MQTT","826","Publish Message [seat/chair1]"
"471","142.539858484","192.168.43.148","192.168.43.135","MQTT","1130","Publish Message [seat/chair1]"
"692","170.874209171","192.168.43.148","192.168.43.135","MQTT","1162","Publish Message [seat/chair1]"
"725","199.294208903","192.168.43.148","192.168.43.135","MQTT","1292","Publish Message [seat/chair1], Ping Request"
"727","199.295173053","192.168.43.135","192.168.43.148","MQTT","68","Ping Response"
"782","227.651071803","192.168.43.148","192.168.43.135","MQTT","1066","Publish Message [seat/chair1]"
"916","255.995243849","192.168.43.148","192.168.43.135","MQTT","730","Publish Message [seat/chair1]"
"1029","284.394538069","192.168.43.148","192.168.43.135","MQTT","762","Publish Message [seat/chair1]"
"1128","312.795140072","192.168.43.148","192.168.43.135","MQTT","748","Publish Message [seat/chair1], Ping Request"
"1130","312.795966710","192.168.43.135","192.168.43.148","MQTT","68","Ping Response"
"1171","341.117108315","192.168.43.148","192.168.43.135","MQTT","746","Publish Message [seat/chair1]"
"1258","369.491981624","192.168.43.148","192.168.43.135","MQTT","746","Publish Message [seat/chair1]"
"1266","375.362297752","192.168.43.148","192.168.43.135","MQTT","68","Disconnect Req"
