"No.","Time","Source","Destination","Protocol","Length","Info"
"93","33.099599977","192.168.43.148","192.168.43.135","MQTT","108","Connect Command"
"95","33.100601811","192.168.43.135","192.168.43.148","MQTT","70","Connect Ack"
"111","39.049420739","192.168.43.148","192.168.43.135","MQTT","1186","Publish Message [seat/chair1]"
"212","42.844807026","192.168.43.148","192.168.43.135","MQTT","1186","Publish Message [seat/chair1]"
"233","46.614375267","192.168.43.148","192.168.43.135","MQTT","1074","Publish Message [seat/chair1]"
"241","50.397742643","192.168.43.148","192.168.43.135","MQTT","1186","Publish Message [seat/chair1]"
"254","54.203954685","192.168.43.148","192.168.43.135","MQTT","1138","Publish Message [seat/chair1]"
"260","57.987756441","192.168.43.148","192.168.43.135","MQTT","1074","Publish Message [seat/chair1]"
"262","61.852194071","192.168.43.148","192.168.43.135","MQTT","1186","Publish Message [seat/chair1]"
"308","65.530553680","192.168.43.148","192.168.43.135","MQTT","1186","Publish Message [seat/chair1]"
"323","69.387620448","192.168.43.148","192.168.43.135","MQTT","1170","Publish Message [seat/chair1]"
"339","73.105830629","192.168.43.148","192.168.43.135","MQTT","1154","Publish Message [seat/chair1]"
"397","76.874864429","192.168.43.148","192.168.43.135","MQTT","1154","Publish Message [seat/chair1]"
"494","80.658294460","192.168.43.148","192.168.43.135","MQTT","1106","Publish Message [seat/chair1]"
"562","84.462789404","192.168.43.148","192.168.43.135","MQTT","1170","Publish Message [seat/chair1]"
"568","87.492058786","192.168.43.148","192.168.43.135","MQTT","68","Disconnect Req"
