"No.","Time","Source","Destination","Protocol","Length","Info"
"30","1.289631647","192.168.43.148","192.168.43.135","MQTT","1066","Publish Message [seat/chair1]"
"39","15.497392115","192.168.43.148","192.168.43.135","MQTT","1098","Publish Message [seat/chair1]"
"126","29.688372662","192.168.43.148","192.168.43.135","MQTT","1050","Publish Message [seat/chair1]"
"152","43.839682539","192.168.43.148","192.168.43.135","MQTT","1130","Publish Message [seat/chair1]"
"168","58.034781299","192.168.43.148","192.168.43.135","MQTT","1130","Publish Message [seat/chair1]"
"243","72.232686756","192.168.43.148","192.168.43.135","MQTT","1100","Publish Message [seat/chair1], Ping Request"
"245","72.234199283","192.168.43.135","192.168.43.148","MQTT","68","Ping Response"
"255","86.442560878","192.168.43.148","192.168.43.135","MQTT","1082","Publish Message [seat/chair1]"
"321","100.590623389","192.168.43.148","192.168.43.135","MQTT","1066","Publish Message [seat/chair1]"
"350","114.783827457","192.168.43.148","192.168.43.135","MQTT","1098","Publish Message [seat/chair1]"
"386","128.950676634","192.168.43.148","192.168.43.135","MQTT","1130","Publish Message [seat/chair1]"
"412","143.133810273","192.168.43.148","192.168.43.135","MQTT","1146","Publish Message [seat/chair1]"
"441","150.058830933","192.168.43.148","192.168.43.135","MQTT","68","Disconnect Req"
