index,DataReceived,DataProcessed,DataSaved
1,1562858766.2995698,1562858766.7631557,1562858768.5617607
2,1562858794.7090094,1562858794.7970307,1562858796.5298152
3,1562858823.0442402,1562858823.1359859,1562858824.9658928
4,1562858851.464235,1562858851.549828,1562858853.2478752
5,1562858879.8208244,1562858879.9116094,1562858881.7531006
6,1562858908.1644208,1562858908.2550957,1562858909.9966476
7,1562858936.5645154,1562858936.6596355,1562858938.3602707
8,1562858964.9642658,1562858965.0516403,1562858966.767141
9,1562858993.2874742,1562858993.3811498,1562858995.1683698
10,1562859021.6618328,1562859021.7654383,1562859023.4983747
